titulo,preco_original,desconto,preco_final,link_produto,desconto_absoluto,mensagem_marketing
"Smart TV P635-Series 50P635 LED 4K 50"" TCL Bivolt",2899.0,32,1949.0,https://www.mercadolivre.com.br/smart-tv-p635-series-50p635-led-4k-50-tcl-bivolt/p/MLB19538900?pdp_filters=deal:MLB779362-1&hide_psmb=true#searchVariation=MLB19538900&position=1&search_layout=grid&type=product&tracking_id=f5ad1b5e-ed17-4509-b3f7-933caf702048&deal_print_id=271abcf3-1e0d-4eb9-9429-75ef4d9e248a&promotion_type=DEAL_OF_THE_DAY,950.0,"Aproveite agora!Smart TV P635-Series 50P635 LED 4K 50"" TCL Bivolt com 32% de desconto. Compre agora por R$1949.0 clicando aqui https://www.mercadolivre.com.br/smart-tv-p635-series-50p635-led-4k-50-tcl-bivolt/p/MLB19538900?pdp_filters=deal:MLB779362-1&hide_psmb=true#searchVariation=MLB19538900&position=1&search_layout=grid&type=product&tracking_id=f5ad1b5e-ed17-4509-b3f7-933caf702048&deal_print_id=271abcf3-1e0d-4eb9-9429-75ef4d9e248a&promotion_type=DEAL_OF_THE_DAY."
Monitor Gamer Hero 24'' 24g2 Fhd Ips 144hz 1ms Aoc 100v/240v,1599.0,35,1025.0,https://www.mercadolivre.com.br/monitor-gamer-hero-24-24g2-fhd-ips-144hz-1ms-aoc-100v240v/p/MLB17976704?pdp_filters=deal:MLB779362-1&hide_psmb=true#searchVariation=MLB17976704&position=2&search_layout=grid&type=product&tracking_id=f5ad1b5e-ed17-4509-b3f7-933caf702048&deal_print_id=271abcf3-1e0d-4eb9-9429-75ef4d9e248a&promotion_type=DEAL_OF_THE_DAY,574.0,Aproveite agora!Monitor Gamer Hero 24'' 24g2 Fhd Ips 144hz 1ms Aoc 100v/240v com 35% de desconto. Compre agora por R$1025.0 clicando aqui https://www.mercadolivre.com.br/monitor-gamer-hero-24-24g2-fhd-ips-144hz-1ms-aoc-100v240v/p/MLB17976704?pdp_filters=deal:MLB779362-1&hide_psmb=true#searchVariation=MLB17976704&position=2&search_layout=grid&type=product&tracking_id=f5ad1b5e-ed17-4509-b3f7-933caf702048&deal_print_id=271abcf3-1e0d-4eb9-9429-75ef4d9e248a&promotion_type=DEAL_OF_THE_DAY.
Motorola Moto G32 Dual SIM 128 GB 4 GB RAM Preto,1499.0,38,921.0,https://www.mercadolivre.com.br/motorola-moto-g32-dual-sim-128-gb-4-gb-ram-preto/p/MLB21813786?pdp_filters=deal:MLB779362-1&hide_psmb=true#searchVariation=MLB21813786&position=3&search_layout=grid&type=product&tracking_id=f5ad1b5e-ed17-4509-b3f7-933caf702048&deal_print_id=271abcf3-1e0d-4eb9-9429-75ef4d9e248a&promotion_type=DEAL_OF_THE_DAY,578.0,Aproveite agora!Motorola Moto G32 Dual SIM 128 GB 4 GB RAM Preto com 38% de desconto. Compre agora por R$921.0 clicando aqui https://www.mercadolivre.com.br/motorola-moto-g32-dual-sim-128-gb-4-gb-ram-preto/p/MLB21813786?pdp_filters=deal:MLB779362-1&hide_psmb=true#searchVariation=MLB21813786&position=3&search_layout=grid&type=product&tracking_id=f5ad1b5e-ed17-4509-b3f7-933caf702048&deal_print_id=271abcf3-1e0d-4eb9-9429-75ef4d9e248a&promotion_type=DEAL_OF_THE_DAY.
Volante Gamer G29 Driving Force Logitech Cor Preto,1999.0,17,1641.0,https://www.mercadolivre.com.br/volante-gamer-g29-driving-force-logitech-cor-preto/p/MLB21204038?pdp_filters=deal:MLB779362-1&hide_psmb=true#searchVariation=MLB21204038&position=4&search_layout=grid&type=product&tracking_id=f5ad1b5e-ed17-4509-b3f7-933caf702048&deal_print_id=271abcf3-1e0d-4eb9-9429-75ef4d9e248a&promotion_type=DEAL_OF_THE_DAY,358.0,Aproveite agora!Volante Gamer G29 Driving Force Logitech Cor Preto com 17% de desconto. Compre agora por R$1641.0 clicando aqui https://www.mercadolivre.com.br/volante-gamer-g29-driving-force-logitech-cor-preto/p/MLB21204038?pdp_filters=deal:MLB779362-1&hide_psmb=true#searchVariation=MLB21204038&position=4&search_layout=grid&type=product&tracking_id=f5ad1b5e-ed17-4509-b3f7-933caf702048&deal_print_id=271abcf3-1e0d-4eb9-9429-75ef4d9e248a&promotion_type=DEAL_OF_THE_DAY.
"Notebook Samsung Book Celeron Cinza 4gb 256gb Ssd 15,6'' W11 Cor Cinza/Chumbo",3331.0,49,1699.0,https://www.mercadolivre.com.br/notebook-samsung-book-celeron-cinza-4gb-256gb-ssd-156-w11-cor-cinzachumbo/p/MLB19692109?pdp_filters=deal:MLB779362-1&hide_psmb=true#searchVariation=MLB19692109&position=5&search_layout=grid&type=product&tracking_id=f5ad1b5e-ed17-4509-b3f7-933caf702048&deal_print_id=271abcf3-1e0d-4eb9-9429-75ef4d9e248a&promotion_type=DEAL_OF_THE_DAY,1632.0,"Aproveite agora!Notebook Samsung Book Celeron Cinza 4gb 256gb Ssd 15,6'' W11 Cor Cinza/Chumbo com 49% de desconto. Compre agora por R$1699.0 clicando aqui https://www.mercadolivre.com.br/notebook-samsung-book-celeron-cinza-4gb-256gb-ssd-156-w11-cor-cinzachumbo/p/MLB19692109?pdp_filters=deal:MLB779362-1&hide_psmb=true#searchVariation=MLB19692109&position=5&search_layout=grid&type=product&tracking_id=f5ad1b5e-ed17-4509-b3f7-933caf702048&deal_print_id=271abcf3-1e0d-4eb9-9429-75ef4d9e248a&promotion_type=DEAL_OF_THE_DAY."
Purificador Ibbl E-due Equilibrium Água Natural E Gelada,699.0,42,399.0,https://www.mercadolivre.com.br/purificador-ibbl-e-due-equilibrium-agua-natural-e-gelada/p/MLB23502935?pdp_filters=deal:MLB779362-1&hide_psmb=true#searchVariation=MLB23502935&position=6&search_layout=grid&type=product&tracking_id=f5ad1b5e-ed17-4509-b3f7-933caf702048&deal_print_id=271abcf3-1e0d-4eb9-9429-75ef4d9e248a&promotion_type=DEAL_OF_THE_DAY,300.0,Aproveite agora!Purificador Ibbl E-due Equilibrium Água Natural E Gelada com 42% de desconto. Compre agora por R$399.0 clicando aqui https://www.mercadolivre.com.br/purificador-ibbl-e-due-equilibrium-agua-natural-e-gelada/p/MLB23502935?pdp_filters=deal:MLB779362-1&hide_psmb=true#searchVariation=MLB23502935&position=6&search_layout=grid&type=product&tracking_id=f5ad1b5e-ed17-4509-b3f7-933caf702048&deal_print_id=271abcf3-1e0d-4eb9-9429-75ef4d9e248a&promotion_type=DEAL_OF_THE_DAY.
Smart Tv 50'' Ptv50g7er2cpbl 4k Led Roku Philco Bivolt,2499.0,25,1869.0,https://www.mercadolivre.com.br/smart-tv-50-ptv50g7er2cpbl-4k-led-roku-philco-bivolt/p/MLB24525898?pdp_filters=deal:MLB779362-1&hide_psmb=true#searchVariation=MLB24525898&position=7&search_layout=grid&type=product&tracking_id=f5ad1b5e-ed17-4509-b3f7-933caf702048&deal_print_id=271abcf3-1e0d-4eb9-9429-75ef4d9e248a&promotion_type=DEAL_OF_THE_DAY,630.0,Aproveite agora!Smart Tv 50'' Ptv50g7er2cpbl 4k Led Roku Philco Bivolt com 25% de desconto. Compre agora por R$1869.0 clicando aqui https://www.mercadolivre.com.br/smart-tv-50-ptv50g7er2cpbl-4k-led-roku-philco-bivolt/p/MLB24525898?pdp_filters=deal:MLB779362-1&hide_psmb=true#searchVariation=MLB24525898&position=7&search_layout=grid&type=product&tracking_id=f5ad1b5e-ed17-4509-b3f7-933caf702048&deal_print_id=271abcf3-1e0d-4eb9-9429-75ef4d9e248a&promotion_type=DEAL_OF_THE_DAY.
Nintendo Switch OLED 64GB Standard cor  branco e preto,2399.0,10,2149.0,https://www.mercadolivre.com.br/nintendo-switch-oled-64gb-standard-cor-branco-e-preto/p/MLB18537259?pdp_filters=deal:MLB779362-1&hide_psmb=true#searchVariation=MLB18537259&position=8&search_layout=grid&type=product&tracking_id=f5ad1b5e-ed17-4509-b3f7-933caf702048&deal_print_id=271abcf3-1e0d-4eb9-9429-75ef4d9e248a&promotion_type=DEAL_OF_THE_DAY,250.0,Aproveite agora!Nintendo Switch OLED 64GB Standard cor  branco e preto com 10% de desconto. Compre agora por R$2149.0 clicando aqui https://www.mercadolivre.com.br/nintendo-switch-oled-64gb-standard-cor-branco-e-preto/p/MLB18537259?pdp_filters=deal:MLB779362-1&hide_psmb=true#searchVariation=MLB18537259&position=8&search_layout=grid&type=product&tracking_id=f5ad1b5e-ed17-4509-b3f7-933caf702048&deal_print_id=271abcf3-1e0d-4eb9-9429-75ef4d9e248a&promotion_type=DEAL_OF_THE_DAY.
Samsung Galaxy A14 Exynos 5G Dual SIM 64 GB Verde Lima 4 GB RAM,1599.0,48,829.0,https://www.mercadolivre.com.br/samsung-galaxy-a14-exynos-5g-dual-sim-64-gb-verde-lima-4-gb-ram/p/MLB22096080?pdp_filters=deal:MLB779362-1&hide_psmb=true#searchVariation=MLB22096080&position=9&search_layout=grid&type=product&tracking_id=f5ad1b5e-ed17-4509-b3f7-933caf702048&deal_print_id=271abcf3-1e0d-4eb9-9429-75ef4d9e248a&promotion_type=DEAL_OF_THE_DAY,770.0,Aproveite agora!Samsung Galaxy A14 Exynos 5G Dual SIM 64 GB Verde Lima 4 GB RAM com 48% de desconto. Compre agora por R$829.0 clicando aqui https://www.mercadolivre.com.br/samsung-galaxy-a14-exynos-5g-dual-sim-64-gb-verde-lima-4-gb-ram/p/MLB22096080?pdp_filters=deal:MLB779362-1&hide_psmb=true#searchVariation=MLB22096080&position=9&search_layout=grid&type=product&tracking_id=f5ad1b5e-ed17-4509-b3f7-933caf702048&deal_print_id=271abcf3-1e0d-4eb9-9429-75ef4d9e248a&promotion_type=DEAL_OF_THE_DAY.
Monitor Led 21.5'' 22b1hm5 Painel Va  Hdmi Preto Aoc Bivolt 110V/220V,779.0,43,442.0,https://www.mercadolivre.com.br/monitor-led-215-22b1hm5-painel-va-hdmi-preto-aoc-bivolt-110v220v/p/MLB18920441?pdp_filters=deal:MLB779362-1&hide_psmb=true#searchVariation=MLB18920441&position=10&search_layout=grid&type=product&tracking_id=f5ad1b5e-ed17-4509-b3f7-933caf702048&deal_print_id=271abcf3-1e0d-4eb9-9429-75ef4d9e248a&promotion_type=DEAL_OF_THE_DAY,337.0,Aproveite agora!Monitor Led 21.5'' 22b1hm5 Painel Va  Hdmi Preto Aoc Bivolt 110V/220V com 43% de desconto. Compre agora por R$442.0 clicando aqui https://www.mercadolivre.com.br/monitor-led-215-22b1hm5-painel-va-hdmi-preto-aoc-bivolt-110v220v/p/MLB18920441?pdp_filters=deal:MLB779362-1&hide_psmb=true#searchVariation=MLB18920441&position=10&search_layout=grid&type=product&tracking_id=f5ad1b5e-ed17-4509-b3f7-933caf702048&deal_print_id=271abcf3-1e0d-4eb9-9429-75ef4d9e248a&promotion_type=DEAL_OF_THE_DAY.
Creatina Monohidratada 500g - 100% Pura - Soldiers Nutrition,139.0,10,125.0,https://www.mercadolivre.com.br/creatina-monohidratada-500g-100-pura-soldiers-nutrition/p/MLB18725308?pdp_filters=deal:MLB779362-1&hide_psmb=true#searchVariation=MLB18725308&position=11&search_layout=grid&type=product&tracking_id=f5ad1b5e-ed17-4509-b3f7-933caf702048&deal_print_id=271abcf3-1e0d-4eb9-9429-75ef4d9e248a&promotion_type=TODAY_PROMOTION,14.0,Aproveite agora!Creatina Monohidratada 500g - 100% Pura - Soldiers Nutrition com 10% de desconto. Compre agora por R$125.0 clicando aqui https://www.mercadolivre.com.br/creatina-monohidratada-500g-100-pura-soldiers-nutrition/p/MLB18725308?pdp_filters=deal:MLB779362-1&hide_psmb=true#searchVariation=MLB18725308&position=11&search_layout=grid&type=product&tracking_id=f5ad1b5e-ed17-4509-b3f7-933caf702048&deal_print_id=271abcf3-1e0d-4eb9-9429-75ef4d9e248a&promotion_type=TODAY_PROMOTION.
Smart Tv Ptv43g7er2cpbl 43  4k Led Roku Philco Bivolt,1899.0,21,1499.0,https://www.mercadolivre.com.br/smart-tv-ptv43g7er2cpbl-43-4k-led-roku-philco-bivolt/p/MLB24525907?pdp_filters=deal:MLB779362-1&hide_psmb=true#searchVariation=MLB24525907&position=12&search_layout=grid&type=product&tracking_id=f5ad1b5e-ed17-4509-b3f7-933caf702048&deal_print_id=271abcf3-1e0d-4eb9-9429-75ef4d9e248a&promotion_type=DEAL_OF_THE_DAY,400.0,Aproveite agora!Smart Tv Ptv43g7er2cpbl 43  4k Led Roku Philco Bivolt com 21% de desconto. Compre agora por R$1499.0 clicando aqui https://www.mercadolivre.com.br/smart-tv-ptv43g7er2cpbl-43-4k-led-roku-philco-bivolt/p/MLB24525907?pdp_filters=deal:MLB779362-1&hide_psmb=true#searchVariation=MLB24525907&position=12&search_layout=grid&type=product&tracking_id=f5ad1b5e-ed17-4509-b3f7-933caf702048&deal_print_id=271abcf3-1e0d-4eb9-9429-75ef4d9e248a&promotion_type=DEAL_OF_THE_DAY.
Impressora a cor multifuncional Epson EcoTank L3250 com wifi preta 100V/240V,1357.0,19,1099.0,https://www.mercadolivre.com.br/impressora-a-cor-multifuncional-epson-ecotank-l3250-com-wifi-preta-100v240v/p/MLB18552821?pdp_filters=deal:MLB779362-1&hide_psmb=true#searchVariation=MLB18552821&position=13&search_layout=grid&type=product&tracking_id=f5ad1b5e-ed17-4509-b3f7-933caf702048&deal_print_id=271abcf3-1e0d-4eb9-9429-75ef4d9e248a&promotion_type=TODAY_PROMOTION,258.0,Aproveite agora!Impressora a cor multifuncional Epson EcoTank L3250 com wifi preta 100V/240V com 19% de desconto. Compre agora por R$1099.0 clicando aqui https://www.mercadolivre.com.br/impressora-a-cor-multifuncional-epson-ecotank-l3250-com-wifi-preta-100v240v/p/MLB18552821?pdp_filters=deal:MLB779362-1&hide_psmb=true#searchVariation=MLB18552821&position=13&search_layout=grid&type=product&tracking_id=f5ad1b5e-ed17-4509-b3f7-933caf702048&deal_print_id=271abcf3-1e0d-4eb9-9429-75ef4d9e248a&promotion_type=TODAY_PROMOTION.
Samsung Galaxy A14 5g 64gb 4gb Ram Preto,1599.0,48,829.0,https://www.mercadolivre.com.br/samsung-galaxy-a14-5g-64gb-4gb-ram-preto/p/MLB23654282?pdp_filters=deal:MLB779362-1&hide_psmb=true#searchVariation=MLB23654282&position=14&search_layout=grid&type=product&tracking_id=f5ad1b5e-ed17-4509-b3f7-933caf702048&deal_print_id=271abcf3-1e0d-4eb9-9429-75ef4d9e248a&promotion_type=TODAY_PROMOTION,770.0,Aproveite agora!Samsung Galaxy A14 5g 64gb 4gb Ram Preto com 48% de desconto. Compre agora por R$829.0 clicando aqui https://www.mercadolivre.com.br/samsung-galaxy-a14-5g-64gb-4gb-ram-preto/p/MLB23654282?pdp_filters=deal:MLB779362-1&hide_psmb=true#searchVariation=MLB23654282&position=14&search_layout=grid&type=product&tracking_id=f5ad1b5e-ed17-4509-b3f7-933caf702048&deal_print_id=271abcf3-1e0d-4eb9-9429-75ef4d9e248a&promotion_type=TODAY_PROMOTION.
"Ventilador de teto Ventisol Fênix branco com 3 pás de  plástico, 96 cm de diâmetro 127 V",252.0,15,212.0,https://www.mercadolivre.com.br/ventilador-de-teto-ventisol-fnix-branco-com-3-pas-de-plastico-96cm-de-dimetro-127v/p/MLB6080711?pdp_filters=deal:MLB779362-1&hide_psmb=true#searchVariation=MLB6080711&position=15&search_layout=grid&type=product&tracking_id=f5ad1b5e-ed17-4509-b3f7-933caf702048&deal_print_id=271abcf3-1e0d-4eb9-9429-75ef4d9e248a&promotion_type=TODAY_PROMOTION,40.0,"Aproveite agora!Ventilador de teto Ventisol Fênix branco com 3 pás de  plástico, 96 cm de diâmetro 127 V com 15% de desconto. Compre agora por R$212.0 clicando aqui https://www.mercadolivre.com.br/ventilador-de-teto-ventisol-fnix-branco-com-3-pas-de-plastico-96cm-de-dimetro-127v/p/MLB6080711?pdp_filters=deal:MLB779362-1&hide_psmb=true#searchVariation=MLB6080711&position=15&search_layout=grid&type=product&tracking_id=f5ad1b5e-ed17-4509-b3f7-933caf702048&deal_print_id=271abcf3-1e0d-4eb9-9429-75ef4d9e248a&promotion_type=TODAY_PROMOTION."
Monitor Gamer Hero Full Hd 27'' G-sync 144hz Ips 1ms Aoc Cor Preto/Vermelho 110V/220V,1999.0,40,1199.0,https://www.mercadolivre.com.br/monitor-gamer-hero-full-hd-27-g-sync-144hz-ips-1ms-aoc-cor-pretovermelho-110v220v/p/MLB18099769?pdp_filters=deal:MLB779362-1&hide_psmb=true#searchVariation=MLB18099769&position=16&search_layout=grid&type=product&tracking_id=f5ad1b5e-ed17-4509-b3f7-933caf702048&deal_print_id=271abcf3-1e0d-4eb9-9429-75ef4d9e248a&promotion_type=TODAY_PROMOTION,800.0,Aproveite agora!Monitor Gamer Hero Full Hd 27'' G-sync 144hz Ips 1ms Aoc Cor Preto/Vermelho 110V/220V com 40% de desconto. Compre agora por R$1199.0 clicando aqui https://www.mercadolivre.com.br/monitor-gamer-hero-full-hd-27-g-sync-144hz-ips-1ms-aoc-cor-pretovermelho-110v220v/p/MLB18099769?pdp_filters=deal:MLB779362-1&hide_psmb=true#searchVariation=MLB18099769&position=16&search_layout=grid&type=product&tracking_id=f5ad1b5e-ed17-4509-b3f7-933caf702048&deal_print_id=271abcf3-1e0d-4eb9-9429-75ef4d9e248a&promotion_type=TODAY_PROMOTION.
Microsoft Xbox Series S 512GB Standard cor  branco,3427.0,36,2179.0,https://www.mercadolivre.com.br/microsoft-xbox-series-s-512gb-standard-cor-branco/p/MLB16650345?pdp_filters=deal:MLB779362-1&hide_psmb=true#searchVariation=MLB16650345&position=17&search_layout=grid&type=product&tracking_id=f5ad1b5e-ed17-4509-b3f7-933caf702048&deal_print_id=271abcf3-1e0d-4eb9-9429-75ef4d9e248a&promotion_type=DEAL_OF_THE_DAY,1248.0,Aproveite agora!Microsoft Xbox Series S 512GB Standard cor  branco com 36% de desconto. Compre agora por R$2179.0 clicando aqui https://www.mercadolivre.com.br/microsoft-xbox-series-s-512gb-standard-cor-branco/p/MLB16650345?pdp_filters=deal:MLB779362-1&hide_psmb=true#searchVariation=MLB16650345&position=17&search_layout=grid&type=product&tracking_id=f5ad1b5e-ed17-4509-b3f7-933caf702048&deal_print_id=271abcf3-1e0d-4eb9-9429-75ef4d9e248a&promotion_type=DEAL_OF_THE_DAY.
"Smart TV Samsung BET-B HD 32"" Bivolt",1931.0,44,1078.0,https://www.mercadolivre.com.br/smart-tv-samsung-bet-b-hd-32-bivolt/p/MLB15828219?pdp_filters=deal:MLB779362-1&hide_psmb=true#searchVariation=MLB15828219&position=18&search_layout=grid&type=product&tracking_id=f5ad1b5e-ed17-4509-b3f7-933caf702048&deal_print_id=271abcf3-1e0d-4eb9-9429-75ef4d9e248a&promotion_type=DEAL_OF_THE_DAY,853.0,"Aproveite agora!Smart TV Samsung BET-B HD 32"" Bivolt com 44% de desconto. Compre agora por R$1078.0 clicando aqui https://www.mercadolivre.com.br/smart-tv-samsung-bet-b-hd-32-bivolt/p/MLB15828219?pdp_filters=deal:MLB779362-1&hide_psmb=true#searchVariation=MLB15828219&position=18&search_layout=grid&type=product&tracking_id=f5ad1b5e-ed17-4509-b3f7-933caf702048&deal_print_id=271abcf3-1e0d-4eb9-9429-75ef4d9e248a&promotion_type=DEAL_OF_THE_DAY."
Impressora a cor multifuncional Epson EcoTank L3250 com wifi preta 220V,1899.0,43,1068.0,https://www.mercadolivre.com.br/impressora-a-cor-multifuncional-epson-ecotank-l3250-com-wifi-preta-220v/p/MLB18446929?pdp_filters=deal:MLB779362-1&hide_psmb=true#searchVariation=MLB18446929&position=19&search_layout=grid&type=product&tracking_id=f5ad1b5e-ed17-4509-b3f7-933caf702048&deal_print_id=271abcf3-1e0d-4eb9-9429-75ef4d9e248a&promotion_type=DEAL_OF_THE_DAY,831.0,Aproveite agora!Impressora a cor multifuncional Epson EcoTank L3250 com wifi preta 220V com 43% de desconto. Compre agora por R$1068.0 clicando aqui https://www.mercadolivre.com.br/impressora-a-cor-multifuncional-epson-ecotank-l3250-com-wifi-preta-220v/p/MLB18446929?pdp_filters=deal:MLB779362-1&hide_psmb=true#searchVariation=MLB18446929&position=19&search_layout=grid&type=product&tracking_id=f5ad1b5e-ed17-4509-b3f7-933caf702048&deal_print_id=271abcf3-1e0d-4eb9-9429-75ef4d9e248a&promotion_type=DEAL_OF_THE_DAY.
Samsung Galaxy A34 5G 5G Dual SIM 256 GB violeta 8 GB RAM,2999.0,36,1899.0,https://www.mercadolivre.com.br/samsung-galaxy-a34-5g-5g-dual-sim-256-gb-violeta-8-gb-ram/p/MLB23556930?pdp_filters=deal:MLB779362-1&hide_psmb=true#searchVariation=MLB23556930&position=20&search_layout=grid&type=product&tracking_id=f5ad1b5e-ed17-4509-b3f7-933caf702048&deal_print_id=271abcf3-1e0d-4eb9-9429-75ef4d9e248a&promotion_type=TODAY_PROMOTION,1100.0,Aproveite agora!Samsung Galaxy A34 5G 5G Dual SIM 256 GB violeta 8 GB RAM com 36% de desconto. Compre agora por R$1899.0 clicando aqui https://www.mercadolivre.com.br/samsung-galaxy-a34-5g-5g-dual-sim-256-gb-violeta-8-gb-ram/p/MLB23556930?pdp_filters=deal:MLB779362-1&hide_psmb=true#searchVariation=MLB23556930&position=20&search_layout=grid&type=product&tracking_id=f5ad1b5e-ed17-4509-b3f7-933caf702048&deal_print_id=271abcf3-1e0d-4eb9-9429-75ef4d9e248a&promotion_type=TODAY_PROMOTION.
"Ventilador de mesa Mondial VSP-30 turbo preto com 6 pás cor  prata, 30 cm de diâmetro 220 V",169.0,24,127.0,https://www.mercadolivre.com.br/ventilador-de-mesa-mondial-vsp-30-turbo-preto-com-6-pas-cor-prata-30cm-de-dimetro-220v/p/MLB18932157?pdp_filters=deal:MLB779362-1&hide_psmb=true#searchVariation=MLB18932157&position=21&search_layout=grid&type=product&tracking_id=f5ad1b5e-ed17-4509-b3f7-933caf702048&deal_print_id=271abcf3-1e0d-4eb9-9429-75ef4d9e248a&promotion_type=TODAY_PROMOTION,42.0,"Aproveite agora!Ventilador de mesa Mondial VSP-30 turbo preto com 6 pás cor  prata, 30 cm de diâmetro 220 V com 24% de desconto. Compre agora por R$127.0 clicando aqui https://www.mercadolivre.com.br/ventilador-de-mesa-mondial-vsp-30-turbo-preto-com-6-pas-cor-prata-30cm-de-dimetro-220v/p/MLB18932157?pdp_filters=deal:MLB779362-1&hide_psmb=true#searchVariation=MLB18932157&position=21&search_layout=grid&type=product&tracking_id=f5ad1b5e-ed17-4509-b3f7-933caf702048&deal_print_id=271abcf3-1e0d-4eb9-9429-75ef4d9e248a&promotion_type=TODAY_PROMOTION."
Furadeira parafusadeira sem fio de 10mm Wap BPF 12K3 12V + accesorios 110V/220V,229.0,24,174.0,https://www.mercadolivre.com.br/furadeira-parafusadeira-sem-fio-de-10mm-wap-bpf-12k3-12v-accesorios-110v220v/p/MLB19141467?pdp_filters=deal:MLB779362-1&hide_psmb=true#searchVariation=MLB19141467&position=22&search_layout=grid&type=product&tracking_id=f5ad1b5e-ed17-4509-b3f7-933caf702048&deal_print_id=271abcf3-1e0d-4eb9-9429-75ef4d9e248a&promotion_type=TODAY_PROMOTION,55.0,Aproveite agora!Furadeira parafusadeira sem fio de 10mm Wap BPF 12K3 12V + accesorios 110V/220V com 24% de desconto. Compre agora por R$174.0 clicando aqui https://www.mercadolivre.com.br/furadeira-parafusadeira-sem-fio-de-10mm-wap-bpf-12k3-12v-accesorios-110v220v/p/MLB19141467?pdp_filters=deal:MLB779362-1&hide_psmb=true#searchVariation=MLB19141467&position=22&search_layout=grid&type=product&tracking_id=f5ad1b5e-ed17-4509-b3f7-933caf702048&deal_print_id=271abcf3-1e0d-4eb9-9429-75ef4d9e248a&promotion_type=TODAY_PROMOTION.
"Smart TV Philco PTV32G7ER2CPBLH LED Roku OS HD 32"" 110V/240V",1169.0,17,969.0,https://www.mercadolivre.com.br/smart-tv-philco-ptv32g7er2cpblh-led-roku-os-hd-32-110v240v/p/MLB24206227?pdp_filters=deal:MLB779362-1&hide_psmb=true#searchVariation=MLB24206227&position=23&search_layout=grid&type=product&tracking_id=f5ad1b5e-ed17-4509-b3f7-933caf702048&deal_print_id=271abcf3-1e0d-4eb9-9429-75ef4d9e248a&promotion_type=DEAL_OF_THE_DAY,200.0,"Aproveite agora!Smart TV Philco PTV32G7ER2CPBLH LED Roku OS HD 32"" 110V/240V com 17% de desconto. Compre agora por R$969.0 clicando aqui https://www.mercadolivre.com.br/smart-tv-philco-ptv32g7er2cpblh-led-roku-os-hd-32-110v240v/p/MLB24206227?pdp_filters=deal:MLB779362-1&hide_psmb=true#searchVariation=MLB24206227&position=23&search_layout=grid&type=product&tracking_id=f5ad1b5e-ed17-4509-b3f7-933caf702048&deal_print_id=271abcf3-1e0d-4eb9-9429-75ef4d9e248a&promotion_type=DEAL_OF_THE_DAY."
Impressora Multifuncional Epson Ecotank L4260 Wi-fi Duplex Cor Preto 100V/240V,1657.0,13,1439.0,https://www.mercadolivre.com.br/impressora-multifuncional-epson-ecotank-l4260-wi-fi-duplex-cor-preto-100v240v/p/MLB18462372?pdp_filters=deal:MLB779362-1&hide_psmb=true#searchVariation=MLB18462372&position=24&search_layout=grid&type=product&tracking_id=f5ad1b5e-ed17-4509-b3f7-933caf702048&deal_print_id=271abcf3-1e0d-4eb9-9429-75ef4d9e248a&promotion_type=DEAL_OF_THE_DAY,218.0,Aproveite agora!Impressora Multifuncional Epson Ecotank L4260 Wi-fi Duplex Cor Preto 100V/240V com 13% de desconto. Compre agora por R$1439.0 clicando aqui https://www.mercadolivre.com.br/impressora-multifuncional-epson-ecotank-l4260-wi-fi-duplex-cor-preto-100v240v/p/MLB18462372?pdp_filters=deal:MLB779362-1&hide_psmb=true#searchVariation=MLB18462372&position=24&search_layout=grid&type=product&tracking_id=f5ad1b5e-ed17-4509-b3f7-933caf702048&deal_print_id=271abcf3-1e0d-4eb9-9429-75ef4d9e248a&promotion_type=DEAL_OF_THE_DAY.
Samsung Galaxy A23 5g 128gb 4gb Ram Azul,2199.0,46,1179.0,https://www.mercadolivre.com.br/samsung-galaxy-a23-5g-128gb-4gb-ram-azul/p/MLB22098982?pdp_filters=deal:MLB779362-1&hide_psmb=true#searchVariation=MLB22098982&position=25&search_layout=grid&type=product&tracking_id=f5ad1b5e-ed17-4509-b3f7-933caf702048&deal_print_id=271abcf3-1e0d-4eb9-9429-75ef4d9e248a&promotion_type=TODAY_PROMOTION,1020.0,Aproveite agora!Samsung Galaxy A23 5g 128gb 4gb Ram Azul com 46% de desconto. Compre agora por R$1179.0 clicando aqui https://www.mercadolivre.com.br/samsung-galaxy-a23-5g-128gb-4gb-ram-azul/p/MLB22098982?pdp_filters=deal:MLB779362-1&hide_psmb=true#searchVariation=MLB22098982&position=25&search_layout=grid&type=product&tracking_id=f5ad1b5e-ed17-4509-b3f7-933caf702048&deal_print_id=271abcf3-1e0d-4eb9-9429-75ef4d9e248a&promotion_type=TODAY_PROMOTION.
Transformador 5000va V&m Bivolt 110 220 E 220 110 12000 Btus,239.0,10,215.0,https://www.mercadolivre.com.br/transformador-5000va-vm-bivolt-110-220-e-220-110-12000-btus/p/MLB27074522?pdp_filters=deal:MLB779362-1&hide_psmb=true#searchVariation=MLB27074522&position=26&search_layout=grid&type=product&tracking_id=f5ad1b5e-ed17-4509-b3f7-933caf702048&deal_print_id=271abcf3-1e0d-4eb9-9429-75ef4d9e248a&promotion_type=TODAY_PROMOTION,24.0,Aproveite agora!Transformador 5000va V&m Bivolt 110 220 E 220 110 12000 Btus com 10% de desconto. Compre agora por R$215.0 clicando aqui https://www.mercadolivre.com.br/transformador-5000va-vm-bivolt-110-220-e-220-110-12000-btus/p/MLB27074522?pdp_filters=deal:MLB779362-1&hide_psmb=true#searchVariation=MLB27074522&position=26&search_layout=grid&type=product&tracking_id=f5ad1b5e-ed17-4509-b3f7-933caf702048&deal_print_id=271abcf3-1e0d-4eb9-9429-75ef4d9e248a&promotion_type=TODAY_PROMOTION.
Monitor 24b1xhm Adaptive-sync 24'' 75hz Preto Aoc Bivolt 110V/220V,889.0,32,599.0,https://www.mercadolivre.com.br/monitor-24b1xhm-adaptive-sync-24-75hz-preto-aoc-bivolt-110v220v/p/MLB18459540?pdp_filters=deal:MLB779362-1&hide_psmb=true#searchVariation=MLB18459540&position=27&search_layout=grid&type=product&tracking_id=f5ad1b5e-ed17-4509-b3f7-933caf702048&deal_print_id=271abcf3-1e0d-4eb9-9429-75ef4d9e248a&promotion_type=DEAL_OF_THE_DAY,290.0,Aproveite agora!Monitor 24b1xhm Adaptive-sync 24'' 75hz Preto Aoc Bivolt 110V/220V com 32% de desconto. Compre agora por R$599.0 clicando aqui https://www.mercadolivre.com.br/monitor-24b1xhm-adaptive-sync-24-75hz-preto-aoc-bivolt-110v220v/p/MLB18459540?pdp_filters=deal:MLB779362-1&hide_psmb=true#searchVariation=MLB18459540&position=27&search_layout=grid&type=product&tracking_id=f5ad1b5e-ed17-4509-b3f7-933caf702048&deal_print_id=271abcf3-1e0d-4eb9-9429-75ef4d9e248a&promotion_type=DEAL_OF_THE_DAY.
Furadeira parafusadeira sem fio de 13mm DeWalt DCD7781D2-B2 20V + 2 baterías de 2Ah + accesorios com maleta de transporte 110V/220V,1292.0,15,1099.0,https://www.mercadolivre.com.br/furadeira-parafusadeira-sem-fio-de-13mm-dewalt-dcd7781d2-b2-20v-2-baterias-de-2ah-accesorios-com-maleta-de-transporte-110v220v/p/MLB18357322?pdp_filters=deal:MLB779362-1&hide_psmb=true#searchVariation=MLB18357322&position=28&search_layout=grid&type=product&tracking_id=f5ad1b5e-ed17-4509-b3f7-933caf702048&deal_print_id=271abcf3-1e0d-4eb9-9429-75ef4d9e248a&promotion_type=TODAY_PROMOTION,193.0,Aproveite agora!Furadeira parafusadeira sem fio de 13mm DeWalt DCD7781D2-B2 20V + 2 baterías de 2Ah + accesorios com maleta de transporte 110V/220V com 15% de desconto. Compre agora por R$1099.0 clicando aqui https://www.mercadolivre.com.br/furadeira-parafusadeira-sem-fio-de-13mm-dewalt-dcd7781d2-b2-20v-2-baterias-de-2ah-accesorios-com-maleta-de-transporte-110v220v/p/MLB18357322?pdp_filters=deal:MLB779362-1&hide_psmb=true#searchVariation=MLB18357322&position=28&search_layout=grid&type=product&tracking_id=f5ad1b5e-ed17-4509-b3f7-933caf702048&deal_print_id=271abcf3-1e0d-4eb9-9429-75ef4d9e248a&promotion_type=TODAY_PROMOTION.
"Smart TV LG 32LQ621CBSB .AWZ LED webOS HD 32"" 100V/240V",1641.0,33,1095.0,https://www.mercadolivre.com.br/smart-tv-lg-32lq621cbsb-awz-led-webos-hd-32-100v240v/p/MLB19470425?pdp_filters=deal:MLB779362-1&hide_psmb=true#searchVariation=MLB19470425&position=29&search_layout=grid&type=product&tracking_id=f5ad1b5e-ed17-4509-b3f7-933caf702048&deal_print_id=271abcf3-1e0d-4eb9-9429-75ef4d9e248a&promotion_type=DEAL_OF_THE_DAY,546.0,"Aproveite agora!Smart TV LG 32LQ621CBSB .AWZ LED webOS HD 32"" 100V/240V com 33% de desconto. Compre agora por R$1095.0 clicando aqui https://www.mercadolivre.com.br/smart-tv-lg-32lq621cbsb-awz-led-webos-hd-32-100v240v/p/MLB19470425?pdp_filters=deal:MLB779362-1&hide_psmb=true#searchVariation=MLB19470425&position=29&search_layout=grid&type=product&tracking_id=f5ad1b5e-ed17-4509-b3f7-933caf702048&deal_print_id=271abcf3-1e0d-4eb9-9429-75ef4d9e248a&promotion_type=DEAL_OF_THE_DAY."
Notebook Acer Aspire 3 A314-35-c393 Intel Celeron N4500 4gb Ssd 128gb M.2 14' Full Hd Linux Gutta,1899.0,29,1339.0,https://www.mercadolivre.com.br/notebook-acer-aspire-3-a314-35-c393-intel-celeron-n4500-4gb-ssd-128gb-m2-14-full-hd-linux-gutta/p/MLB24219775?pdp_filters=deal:MLB779362-1&hide_psmb=true#searchVariation=MLB24219775&position=30&search_layout=grid&type=product&tracking_id=f5ad1b5e-ed17-4509-b3f7-933caf702048&deal_print_id=271abcf3-1e0d-4eb9-9429-75ef4d9e248a&promotion_type=DEAL_OF_THE_DAY,560.0,Aproveite agora!Notebook Acer Aspire 3 A314-35-c393 Intel Celeron N4500 4gb Ssd 128gb M.2 14' Full Hd Linux Gutta com 29% de desconto. Compre agora por R$1339.0 clicando aqui https://www.mercadolivre.com.br/notebook-acer-aspire-3-a314-35-c393-intel-celeron-n4500-4gb-ssd-128gb-m2-14-full-hd-linux-gutta/p/MLB24219775?pdp_filters=deal:MLB779362-1&hide_psmb=true#searchVariation=MLB24219775&position=30&search_layout=grid&type=product&tracking_id=f5ad1b5e-ed17-4509-b3f7-933caf702048&deal_print_id=271abcf3-1e0d-4eb9-9429-75ef4d9e248a&promotion_type=DEAL_OF_THE_DAY.
Samsung Galaxy A23 5G 128 GB Branco 4 GB RAM,2199.0,49,1119.0,https://www.mercadolivre.com.br/samsung-galaxy-a23-5g-128-gb-branco-4-gb-ram/p/MLB21778067?pdp_filters=deal:MLB779362-1&hide_psmb=true#searchVariation=MLB21778067&position=31&search_layout=grid&type=product&tracking_id=f5ad1b5e-ed17-4509-b3f7-933caf702048&deal_print_id=271abcf3-1e0d-4eb9-9429-75ef4d9e248a&promotion_type=TODAY_PROMOTION,1080.0,Aproveite agora!Samsung Galaxy A23 5G 128 GB Branco 4 GB RAM com 49% de desconto. Compre agora por R$1119.0 clicando aqui https://www.mercadolivre.com.br/samsung-galaxy-a23-5g-128-gb-branco-4-gb-ram/p/MLB21778067?pdp_filters=deal:MLB779362-1&hide_psmb=true#searchVariation=MLB21778067&position=31&search_layout=grid&type=product&tracking_id=f5ad1b5e-ed17-4509-b3f7-933caf702048&deal_print_id=271abcf3-1e0d-4eb9-9429-75ef4d9e248a&promotion_type=TODAY_PROMOTION.
Loção hidratante Com Ácido Hialurônico Sem Perfume 473ml Cerave,109.0,30,76.0,https://www.mercadolivre.com.br/loco-hidratante-com-acido-hialurnico-sem-perfume-473ml-cerave/p/MLB21361292?pdp_filters=deal:MLB779362-1&hide_psmb=true#searchVariation=MLB21361292&position=32&search_layout=grid&type=product&tracking_id=f5ad1b5e-ed17-4509-b3f7-933caf702048&deal_print_id=271abcf3-1e0d-4eb9-9429-75ef4d9e248a&promotion_type=DEAL_OF_THE_DAY,33.0,Aproveite agora!Loção hidratante Com Ácido Hialurônico Sem Perfume 473ml Cerave com 30% de desconto. Compre agora por R$76.0 clicando aqui https://www.mercadolivre.com.br/loco-hidratante-com-acido-hialurnico-sem-perfume-473ml-cerave/p/MLB21361292?pdp_filters=deal:MLB779362-1&hide_psmb=true#searchVariation=MLB21361292&position=32&search_layout=grid&type=product&tracking_id=f5ad1b5e-ed17-4509-b3f7-933caf702048&deal_print_id=271abcf3-1e0d-4eb9-9429-75ef4d9e248a&promotion_type=DEAL_OF_THE_DAY.
Impressora a cor multifuncional Epson EcoTank L3250 com wifi preta 110V,1464.0,26,1083.0,https://www.mercadolivre.com.br/impressora-a-cor-multifuncional-epson-ecotank-l3250-com-wifi-preta-110v/p/MLB18446928?pdp_filters=deal:MLB779362-1&hide_psmb=true#searchVariation=MLB18446928&position=33&search_layout=grid&type=product&tracking_id=f5ad1b5e-ed17-4509-b3f7-933caf702048&deal_print_id=271abcf3-1e0d-4eb9-9429-75ef4d9e248a&promotion_type=TODAY_PROMOTION,381.0,Aproveite agora!Impressora a cor multifuncional Epson EcoTank L3250 com wifi preta 110V com 26% de desconto. Compre agora por R$1083.0 clicando aqui https://www.mercadolivre.com.br/impressora-a-cor-multifuncional-epson-ecotank-l3250-com-wifi-preta-110v/p/MLB18446928?pdp_filters=deal:MLB779362-1&hide_psmb=true#searchVariation=MLB18446928&position=33&search_layout=grid&type=product&tracking_id=f5ad1b5e-ed17-4509-b3f7-933caf702048&deal_print_id=271abcf3-1e0d-4eb9-9429-75ef4d9e248a&promotion_type=TODAY_PROMOTION.
Máquina de lavar automática Electrolux Essential Care LED15 branca 15kg 127 V,2299.0,14,1977.0,https://www.mercadolivre.com.br/maquina-de-lavar-automatica-electrolux-essential-care-led15-branca-15kg-127v/p/MLB19037310?pdp_filters=deal:MLB779362-1&hide_psmb=true#searchVariation=MLB19037310&position=34&search_layout=grid&type=product&tracking_id=f5ad1b5e-ed17-4509-b3f7-933caf702048&deal_print_id=271abcf3-1e0d-4eb9-9429-75ef4d9e248a&promotion_type=TODAY_PROMOTION,322.0,Aproveite agora!Máquina de lavar automática Electrolux Essential Care LED15 branca 15kg 127 V com 14% de desconto. Compre agora por R$1977.0 clicando aqui https://www.mercadolivre.com.br/maquina-de-lavar-automatica-electrolux-essential-care-led15-branca-15kg-127v/p/MLB19037310?pdp_filters=deal:MLB779362-1&hide_psmb=true#searchVariation=MLB19037310&position=34&search_layout=grid&type=product&tracking_id=f5ad1b5e-ed17-4509-b3f7-933caf702048&deal_print_id=271abcf3-1e0d-4eb9-9429-75ef4d9e248a&promotion_type=TODAY_PROMOTION.
Tv Smart LG Led 43 4k Al Thinq 43ur781c Wi-fi Bluetooth Alexa 100v/240v,3199.0,44,1783.0,https://www.mercadolivre.com.br/tv-smart-lg-led-43-4k-al-thinq-43ur781c-wi-fi-bluetooth-alexa-100v240v/p/MLB25800955?pdp_filters=deal:MLB779362-1&hide_psmb=true#searchVariation=MLB25800955&position=35&search_layout=grid&type=product&tracking_id=f5ad1b5e-ed17-4509-b3f7-933caf702048&deal_print_id=271abcf3-1e0d-4eb9-9429-75ef4d9e248a&promotion_type=DEAL_OF_THE_DAY,1416.0,Aproveite agora!Tv Smart LG Led 43 4k Al Thinq 43ur781c Wi-fi Bluetooth Alexa 100v/240v com 44% de desconto. Compre agora por R$1783.0 clicando aqui https://www.mercadolivre.com.br/tv-smart-lg-led-43-4k-al-thinq-43ur781c-wi-fi-bluetooth-alexa-100v240v/p/MLB25800955?pdp_filters=deal:MLB779362-1&hide_psmb=true#searchVariation=MLB25800955&position=35&search_layout=grid&type=product&tracking_id=f5ad1b5e-ed17-4509-b3f7-933caf702048&deal_print_id=271abcf3-1e0d-4eb9-9429-75ef4d9e248a&promotion_type=DEAL_OF_THE_DAY.
"Notebook Samsung Book I5 8gb 256gb Ssd 15,6'' W11 Cor Cinza-chumbo",4999.0,44,2799.0,https://www.mercadolivre.com.br/notebook-samsung-book-i5-8gb-256gb-ssd-156-w11-cor-cinza-chumbo/p/MLB19692108?pdp_filters=deal:MLB779362-1&hide_psmb=true#searchVariation=MLB19692108&position=36&search_layout=grid&type=product&tracking_id=f5ad1b5e-ed17-4509-b3f7-933caf702048&deal_print_id=271abcf3-1e0d-4eb9-9429-75ef4d9e248a&promotion_type=DEAL_OF_THE_DAY,2200.0,"Aproveite agora!Notebook Samsung Book I5 8gb 256gb Ssd 15,6'' W11 Cor Cinza-chumbo com 44% de desconto. Compre agora por R$2799.0 clicando aqui https://www.mercadolivre.com.br/notebook-samsung-book-i5-8gb-256gb-ssd-156-w11-cor-cinza-chumbo/p/MLB19692108?pdp_filters=deal:MLB779362-1&hide_psmb=true#searchVariation=MLB19692108&position=36&search_layout=grid&type=product&tracking_id=f5ad1b5e-ed17-4509-b3f7-933caf702048&deal_print_id=271abcf3-1e0d-4eb9-9429-75ef4d9e248a&promotion_type=DEAL_OF_THE_DAY."
Samsung Galaxy A54 5g 256gb 8gb Ram Branco,3399.0,25,2526.0,https://www.mercadolivre.com.br/samsung-galaxy-a54-5g-256gb-8gb-ram-branco/p/MLB23073053?pdp_filters=deal:MLB779362-1&hide_psmb=true#searchVariation=MLB23073053&position=37&search_layout=grid&type=product&tracking_id=f5ad1b5e-ed17-4509-b3f7-933caf702048&deal_print_id=271abcf3-1e0d-4eb9-9429-75ef4d9e248a&promotion_type=TODAY_PROMOTION,873.0,Aproveite agora!Samsung Galaxy A54 5g 256gb 8gb Ram Branco com 25% de desconto. Compre agora por R$2526.0 clicando aqui https://www.mercadolivre.com.br/samsung-galaxy-a54-5g-256gb-8gb-ram-branco/p/MLB23073053?pdp_filters=deal:MLB779362-1&hide_psmb=true#searchVariation=MLB23073053&position=37&search_layout=grid&type=product&tracking_id=f5ad1b5e-ed17-4509-b3f7-933caf702048&deal_print_id=271abcf3-1e0d-4eb9-9429-75ef4d9e248a&promotion_type=TODAY_PROMOTION.
Piscina Inflável redonda Mor 001050 de 2.7m x 70cm 3400L azul,439.0,29,309.0,https://www.mercadolivre.com.br/piscina-inflavel-redonda-mor-001050-de-27m-x-70cm-3400l-azul/p/MLB11456320?pdp_filters=deal:MLB779362-1&hide_psmb=true#searchVariation=MLB11456320&position=38&search_layout=grid&type=product&tracking_id=f5ad1b5e-ed17-4509-b3f7-933caf702048&deal_print_id=271abcf3-1e0d-4eb9-9429-75ef4d9e248a&promotion_type=TODAY_PROMOTION,130.0,Aproveite agora!Piscina Inflável redonda Mor 001050 de 2.7m x 70cm 3400L azul com 29% de desconto. Compre agora por R$309.0 clicando aqui https://www.mercadolivre.com.br/piscina-inflavel-redonda-mor-001050-de-27m-x-70cm-3400l-azul/p/MLB11456320?pdp_filters=deal:MLB779362-1&hide_psmb=true#searchVariation=MLB11456320&position=38&search_layout=grid&type=product&tracking_id=f5ad1b5e-ed17-4509-b3f7-933caf702048&deal_print_id=271abcf3-1e0d-4eb9-9429-75ef4d9e248a&promotion_type=TODAY_PROMOTION.
"Monitor Gamer LG 22mp410-b 21,5 Full Hd 75hz 5ms Hdmi Va Freesync",579.0,18,470.0,https://www.mercadolivre.com.br/monitor-gamer-lg-22mp410-b-215-full-hd-75hz-5ms-hdmi-va-freesync/p/MLB19812882?pdp_filters=deal:MLB779362-1&hide_psmb=true#searchVariation=MLB19812882&position=39&search_layout=grid&type=product&tracking_id=f5ad1b5e-ed17-4509-b3f7-933caf702048&deal_print_id=271abcf3-1e0d-4eb9-9429-75ef4d9e248a&promotion_type=DEAL_OF_THE_DAY,109.0,"Aproveite agora!Monitor Gamer LG 22mp410-b 21,5 Full Hd 75hz 5ms Hdmi Va Freesync com 18% de desconto. Compre agora por R$470.0 clicando aqui https://www.mercadolivre.com.br/monitor-gamer-lg-22mp410-b-215-full-hd-75hz-5ms-hdmi-va-freesync/p/MLB19812882?pdp_filters=deal:MLB779362-1&hide_psmb=true#searchVariation=MLB19812882&position=39&search_layout=grid&type=product&tracking_id=f5ad1b5e-ed17-4509-b3f7-933caf702048&deal_print_id=271abcf3-1e0d-4eb9-9429-75ef4d9e248a&promotion_type=DEAL_OF_THE_DAY."
Modulo Potencia Taramps Ts400 Ts 400 T400 Mono Stereo 4ch,257.0,29,182.0,https://www.mercadolivre.com.br/modulo-potencia-taramps-ts400-ts-400-t400-mono-stereo-4ch/p/MLB21941637?pdp_filters=deal:MLB779362-1&hide_psmb=true#searchVariation=MLB21941637&position=40&search_layout=grid&type=product&tracking_id=f5ad1b5e-ed17-4509-b3f7-933caf702048&deal_print_id=271abcf3-1e0d-4eb9-9429-75ef4d9e248a&promotion_type=TODAY_PROMOTION,75.0,Aproveite agora!Modulo Potencia Taramps Ts400 Ts 400 T400 Mono Stereo 4ch com 29% de desconto. Compre agora por R$182.0 clicando aqui https://www.mercadolivre.com.br/modulo-potencia-taramps-ts400-ts-400-t400-mono-stereo-4ch/p/MLB21941637?pdp_filters=deal:MLB779362-1&hide_psmb=true#searchVariation=MLB21941637&position=40&search_layout=grid&type=product&tracking_id=f5ad1b5e-ed17-4509-b3f7-933caf702048&deal_print_id=271abcf3-1e0d-4eb9-9429-75ef4d9e248a&promotion_type=TODAY_PROMOTION.
Smart Tv 50'' 4k Uhd Android Tv 50pug7406 Philips,3699.0,43,2079.0,https://www.mercadolivre.com.br/smart-tv-50-4k-uhd-android-tv-50pug7406-philips/p/MLB18750740?pdp_filters=deal:MLB779362-1&hide_psmb=true#searchVariation=MLB18750740&position=41&search_layout=grid&type=product&tracking_id=f5ad1b5e-ed17-4509-b3f7-933caf702048&deal_print_id=271abcf3-1e0d-4eb9-9429-75ef4d9e248a&promotion_type=DEAL_OF_THE_DAY,1620.0,Aproveite agora!Smart Tv 50'' 4k Uhd Android Tv 50pug7406 Philips com 43% de desconto. Compre agora por R$2079.0 clicando aqui https://www.mercadolivre.com.br/smart-tv-50-4k-uhd-android-tv-50pug7406-philips/p/MLB18750740?pdp_filters=deal:MLB779362-1&hide_psmb=true#searchVariation=MLB18750740&position=41&search_layout=grid&type=product&tracking_id=f5ad1b5e-ed17-4509-b3f7-933caf702048&deal_print_id=271abcf3-1e0d-4eb9-9429-75ef4d9e248a&promotion_type=DEAL_OF_THE_DAY.
Notebook Acer A514-54-385s I3 4gb 256gb Ssd 14'' W11,2980.0,29,2099.0,https://www.mercadolivre.com.br/notebook-acer-a514-54-385s-i3-4gb-256gb-ssd-14-w11/p/MLB19133205?pdp_filters=deal:MLB779362-1&hide_psmb=true#searchVariation=MLB19133205&position=42&search_layout=grid&type=product&tracking_id=f5ad1b5e-ed17-4509-b3f7-933caf702048&deal_print_id=271abcf3-1e0d-4eb9-9429-75ef4d9e248a&promotion_type=TODAY_PROMOTION,881.0,Aproveite agora!Notebook Acer A514-54-385s I3 4gb 256gb Ssd 14'' W11 com 29% de desconto. Compre agora por R$2099.0 clicando aqui https://www.mercadolivre.com.br/notebook-acer-a514-54-385s-i3-4gb-256gb-ssd-14-w11/p/MLB19133205?pdp_filters=deal:MLB779362-1&hide_psmb=true#searchVariation=MLB19133205&position=42&search_layout=grid&type=product&tracking_id=f5ad1b5e-ed17-4509-b3f7-933caf702048&deal_print_id=271abcf3-1e0d-4eb9-9429-75ef4d9e248a&promotion_type=TODAY_PROMOTION.
Motorola Moto G42 Dual SIM 128 GB 4 GB RAM rosê,1999.0,51,969.0,https://www.mercadolivre.com.br/motorola-moto-g42-dual-sim-128-gb-4-gb-ram-ros/p/MLB19564583?pdp_filters=deal:MLB779362-1&hide_psmb=true#searchVariation=MLB19564583&position=43&search_layout=grid&type=product&tracking_id=f5ad1b5e-ed17-4509-b3f7-933caf702048&deal_print_id=271abcf3-1e0d-4eb9-9429-75ef4d9e248a&promotion_type=DEAL_OF_THE_DAY,1030.0,Aproveite agora!Motorola Moto G42 Dual SIM 128 GB 4 GB RAM rosê com 51% de desconto. Compre agora por R$969.0 clicando aqui https://www.mercadolivre.com.br/motorola-moto-g42-dual-sim-128-gb-4-gb-ram-ros/p/MLB19564583?pdp_filters=deal:MLB779362-1&hide_psmb=true#searchVariation=MLB19564583&position=43&search_layout=grid&type=product&tracking_id=f5ad1b5e-ed17-4509-b3f7-933caf702048&deal_print_id=271abcf3-1e0d-4eb9-9429-75ef4d9e248a&promotion_type=DEAL_OF_THE_DAY.
Monitor Gamer Agon Ag323fcxe 31.5  Curvo 165hz Preto Aoc Cor Preto / Efeitos Luminosos RGB 110V/220V,2299.0,30,1599.0,https://www.mercadolivre.com.br/monitor-gamer-agon-ag323fcxe-315-curvo-165hz-preto-aoc-cor-preto-efeitos-luminosos-rgb-110v220v/p/MLB18223416?pdp_filters=deal:MLB779362-1&hide_psmb=true#searchVariation=MLB18223416&position=44&search_layout=grid&type=product&tracking_id=f5ad1b5e-ed17-4509-b3f7-933caf702048&deal_print_id=271abcf3-1e0d-4eb9-9429-75ef4d9e248a&promotion_type=TODAY_PROMOTION,700.0,Aproveite agora!Monitor Gamer Agon Ag323fcxe 31.5  Curvo 165hz Preto Aoc Cor Preto / Efeitos Luminosos RGB 110V/220V com 30% de desconto. Compre agora por R$1599.0 clicando aqui https://www.mercadolivre.com.br/monitor-gamer-agon-ag323fcxe-315-curvo-165hz-preto-aoc-cor-preto-efeitos-luminosos-rgb-110v220v/p/MLB18223416?pdp_filters=deal:MLB779362-1&hide_psmb=true#searchVariation=MLB18223416&position=44&search_layout=grid&type=product&tracking_id=f5ad1b5e-ed17-4509-b3f7-933caf702048&deal_print_id=271abcf3-1e0d-4eb9-9429-75ef4d9e248a&promotion_type=TODAY_PROMOTION.
Chuveiro elétrico de parede Lorenzetti Acqua Ultra Duo preto-cromado 7800W 220V,629.0,22,489.0,https://www.mercadolivre.com.br/chuveiro-eletrico-de-parede-lorenzetti-acqua-ultra-duo-preto-cromado-7800w-220v/p/MLB15480157?pdp_filters=deal:MLB779362-1&hide_psmb=true#searchVariation=MLB15480157&position=45&search_layout=grid&type=product&tracking_id=f5ad1b5e-ed17-4509-b3f7-933caf702048&deal_print_id=271abcf3-1e0d-4eb9-9429-75ef4d9e248a&promotion_type=TODAY_PROMOTION,140.0,Aproveite agora!Chuveiro elétrico de parede Lorenzetti Acqua Ultra Duo preto-cromado 7800W 220V com 22% de desconto. Compre agora por R$489.0 clicando aqui https://www.mercadolivre.com.br/chuveiro-eletrico-de-parede-lorenzetti-acqua-ultra-duo-preto-cromado-7800w-220v/p/MLB15480157?pdp_filters=deal:MLB779362-1&hide_psmb=true#searchVariation=MLB15480157&position=45&search_layout=grid&type=product&tracking_id=f5ad1b5e-ed17-4509-b3f7-933caf702048&deal_print_id=271abcf3-1e0d-4eb9-9429-75ef4d9e248a&promotion_type=TODAY_PROMOTION.
TCL LED SMART TV 32” S5400AF FHD ANDROID TV,1399.0,18,1139.0,https://www.mercadolivre.com.br/tcl-led-smart-tv-32-s5400af-fhd-android-tv/p/MLB26499404?pdp_filters=deal:MLB779362-1&hide_psmb=true#searchVariation=MLB26499404&position=46&search_layout=grid&type=product&tracking_id=f5ad1b5e-ed17-4509-b3f7-933caf702048&deal_print_id=271abcf3-1e0d-4eb9-9429-75ef4d9e248a&promotion_type=DEAL_OF_THE_DAY,260.0,Aproveite agora!TCL LED SMART TV 32” S5400AF FHD ANDROID TV com 18% de desconto. Compre agora por R$1139.0 clicando aqui https://www.mercadolivre.com.br/tcl-led-smart-tv-32-s5400af-fhd-android-tv/p/MLB26499404?pdp_filters=deal:MLB779362-1&hide_psmb=true#searchVariation=MLB26499404&position=46&search_layout=grid&type=product&tracking_id=f5ad1b5e-ed17-4509-b3f7-933caf702048&deal_print_id=271abcf3-1e0d-4eb9-9429-75ef4d9e248a&promotion_type=DEAL_OF_THE_DAY.
"Notebook Multilaser Ultra UB235 preta 14.1"", AMD Celeron N4020  4GB de RAM 120GB SSD, Intel UHD Graphics 600 1366x768px Windows 11 Home",1699.0,41,999.0,https://www.mercadolivre.com.br/notebook-multilaser-ultra-ub235-preta-141-amd-celeron-n4020-4gb-de-ram-120gb-ssd-intel-uhd-graphics-600-1366x768px-windows-11-home/p/MLB19786876?pdp_filters=deal:MLB779362-1&hide_psmb=true#searchVariation=MLB19786876&position=47&search_layout=grid&type=product&tracking_id=f5ad1b5e-ed17-4509-b3f7-933caf702048&deal_print_id=271abcf3-1e0d-4eb9-9429-75ef4d9e248a&promotion_type=DEAL_OF_THE_DAY,700.0,"Aproveite agora!Notebook Multilaser Ultra UB235 preta 14.1"", AMD Celeron N4020  4GB de RAM 120GB SSD, Intel UHD Graphics 600 1366x768px Windows 11 Home com 41% de desconto. Compre agora por R$999.0 clicando aqui https://www.mercadolivre.com.br/notebook-multilaser-ultra-ub235-preta-141-amd-celeron-n4020-4gb-de-ram-120gb-ssd-intel-uhd-graphics-600-1366x768px-windows-11-home/p/MLB19786876?pdp_filters=deal:MLB779362-1&hide_psmb=true#searchVariation=MLB19786876&position=47&search_layout=grid&type=product&tracking_id=f5ad1b5e-ed17-4509-b3f7-933caf702048&deal_print_id=271abcf3-1e0d-4eb9-9429-75ef4d9e248a&promotion_type=DEAL_OF_THE_DAY."
Moto E13 64gb 4gb Ram Off white,1099.0,40,655.0,https://www.mercadolivre.com.br/moto-e13-64gb-4gb-ram-off-white/p/MLB22412153?pdp_filters=deal:MLB779362-1&hide_psmb=true#searchVariation=MLB22412153&position=48&search_layout=grid&type=product&tracking_id=f5ad1b5e-ed17-4509-b3f7-933caf702048&deal_print_id=271abcf3-1e0d-4eb9-9429-75ef4d9e248a&promotion_type=DEAL_OF_THE_DAY,444.0,Aproveite agora!Moto E13 64gb 4gb Ram Off white com 40% de desconto. Compre agora por R$655.0 clicando aqui https://www.mercadolivre.com.br/moto-e13-64gb-4gb-ram-off-white/p/MLB22412153?pdp_filters=deal:MLB779362-1&hide_psmb=true#searchVariation=MLB22412153&position=48&search_layout=grid&type=product&tracking_id=f5ad1b5e-ed17-4509-b3f7-933caf702048&deal_print_id=271abcf3-1e0d-4eb9-9429-75ef4d9e248a&promotion_type=DEAL_OF_THE_DAY.
